LeftPattern	MiddlePattern	RightPattern
""">"	-Black-Analogue-	</td>
""">"	-Silver-Analogue-	</td>
""">"	also includes gesture control support where you can hide the	</td>
""">"	Silver Dial Analogue Men's and Boys Watch by KT	</td>
""">"	Silver Dial Analogue Men's Watch by KT	</td>
""">"	Silver Dial Analogue Men\'s and Boys Watch by KT	</td>
""">"	": </label> <span class=""selection"">"	</td>
""">"	:<strong>	</td>
""">"	%2520Silver%2520Dial%2520Analogue%2520Men%27s%2520and%2520Boys%2520Watch%2520by%2520KT%2520	</td>
""">"	"</span> </th> <td class=""comparison_baseitem_column""> <span class=""a-size-base a-color-base"">"	</td>
""">"	"</td><td class=""value"">"	</td>
""">"	"</th> <td class=""a-span7 a-size-base"">"	</td>
""">"	5 on	</td>
""">"	new sealed packaged by	</td>
""">"	: <strong>	</td>
""">"	Black Dial Analogue Men's and Boys Watch by KT	</td>
